Exile|exile.lurker.net|4000|http://exile.lurker.net
Extinction: The Next Age MUSH|extinction.dyndns.org|9090|
The Eye of Heaven|eyeofheaven.net|2626|
Eye of the Cyclops|zeno.biyg.org|2850|
Eye of the World MUD|wot.eyemud.com|2222|http://www.eyemud.com/
Fallout|FalloutMUD.ca|2222|http://fallout.isotropic.ca
Fantasy Moon|galaxy.silvren.com|2900|http://fantasymoon.spodzone.com
Farvana MUCK|crlh.tzo.org|4201|http://crlh.tzo.org/iw-muck/
Fatal Dimensions|mud.fataldimensions.org|4000|http://www.fataldimensions.org/
Fate|fate.fatemud.com|7004|http://www.fatemud.com/
Fate of Kingdoms|fate.e-pro.dk|4000|http://www.kingdom.dk
FeatherMUCK|feathermuck.avians.net|8888|http://www.avians.net/feathermuck/
Federation II|fed2.ibgames.net|30003|http://www.ibgames.com
FieryMUD|fierymud.org|4000|http://www.fierymud.org/
The Final Challenge|mud.finalchallenge.net|4000|http://www.finalchallenge.net
Final Fantasy Afterworlds|Marupa.Net|3737|http://ffaw.marupa.net
Final Fantasy MUX|giruvegan.savingthrow.org|5403|http://ffmux.savingthrow.org
Final Realms|castle.linpro.no|4001|http://finalrealms.net/
FinalFrontier|FinalFrontier.mud.de|23|http://FinalFrontier.mud.de/
FinalMud|omen.genesismuds.com|1299|
Firan|firan.legendary.org|5000|http://www.legendary.org/firan/
FireflyMUX|vega.dyndns.org|2518|http://vega.dyndns.org/~fireflymux/
Fires of Kaos|mud.firesofkaos.com|5000|http://www.firesofkaos.com
FlipSide Muck|muck.flipsidemuck.org|9999|http://flipsidemuck.org/
FluffMUCK|fluffmuck.org|8888|http://www.fluffmuck.org/
FluxWorld|centauri.myvnc.com|7777|http://www.centaurihome.net/mud/
Foo MOO|foomoo.org|4500|
Forbidden Dynasty II|fd2.mudhosting.net|6501|
Forbidden Lands|flmud.com|9000|http://www.flmud.com
Forgetown|77.86.54.49|4201|http://forgetown.net
Forgotten Colony|forgottencolony.genesismuds.com|1171|http://forgottencolony.wikia.com
Forgotten Dreams: Prelude to Light|fdmud.no-ip.org|8585|http://fdmud.no-ip.org
Forgotten Kingdoms|forgottenkingdoms.skynet.ie|443|http://www.forgottenkingdoms.org
Forgotten Realms of Myth|bacchus.brotay.net|5300|
Forgotten Reign|freign.hopto.org|4001|http://frforum.hopto.org
Fossworld The Arcade|fossworld.ath.cx|4000|http://fossworld.ath.cx/mud/
Four Color Comics|fourcolor.genesismuds.com|5555|http://fourcolorcomix.com/
FoxMUD|foxmud.com|4848|http://www.foxmud.com
Frandum|frandum.fr|2001|http://www.frandum.fr
Frontier|frontier.mudservices.com|7680|http://www.frontier.mudservices.com/
FurryFaire|muck.furryfaire.org|8888|http://www.furryfaire.org
FurryMUCK|muck.furry.com|8888|http://www.furry.com
Furscape|furscape.servegame.com|2001|http://furscape.servegame.com/dokuwiki
FuskerMud|fuskermud.net|7777|http://fuskermud.net
FutaMUX|futamux.mushpark.com|4269|http://futamux.mushpark.com
Galactic Trader|gt.gamingmuseum.com|23|http://www.galtrader.com
Gamma World|Gammaworld.iamyourgod.org|2600|
GarouMUSH|garoumush.org|7000|http://www.GarouMUSH.org/
Gate Crashers MUX|gc.iamyourgod.org|6989|http://gc.iamyourgod.org
GateWay|gatewaymud.org|6969|http://www.gatewaymud.org/
The Gathering|gathering.org.uk|5000|http://www.gathering.org.uk/
The Gathering...|tgmud.net|9010|http://tgmud.net/
GD2K - Gold Digger 2000 MUSH|lyorn.kerch.com|4210|http://www.leopard.net/~gd2k/
Geas|geas.franken.de|3333|http://www.geas.de
Genesis|genesis.tekno.chalmers.se|3011|http://www.genesismud.org
Genocide|geno.org|2222|http://www.geno.org/
Ghostwheel|moo.ghostmoo.org|6969|http://fazigu.org/~quinn/ghost/
GinkoMud|ginkosoft.com|8898|
Ginzuishou MUX|heimdall.play-hookey.com|1998|http://ginzuishou.wikidot.com/
Gizmo DikuMud|gizmomud.com|6969|http://www.gizmomud.com/
Glynrhos: the Guilded Age|heimdall.play-hookey.com|2007|http://www.theguildedage.net/
God Wars II|godwars2.org|3000|http://www.godwars2.org
Godwars A Moment Of Hatred|jadenlabs.servegame.com|3500|http://jadenlabs.servegame.com
GodWars: Rebirth Of Apocalypse|apoc.godwars.net|6660|http://www.apoc.godwars.net
The Godwars: War of Legend|waroflegend.net|4200|http://wol.forumwise.com
Golden Realms Muck|tursiops.vulpes.net|4370|http://warheart.topcities.com/grealms/index.html
Gorram MUSH|gorrammush.com|4202|http://www.gorrammush.com
The Great Hunt|tghmud.org|8500|http://tghmud.org
GreaterMUD|greatermud.com|23|http://www.greatermud.com
The Greatest Generation|war.isunlimited.net|7115|http://warisunlimited.wikidot.com/
GTA-MUD|onlinegameplanner.no-ip.org|4000|http://www.carlylesmith.karoo.net/gta-mud/index.html
Gueldenland|gueldenland.de|4444|http://www.gueldenland.de/
The Guns of Cimarron|cimarron.us|1881|http://cimmaron.wikidot.com/
Haelrahv|haelrahv.com|3001|http://www.haelrahv.com
HaLoMUd|matrixmud.net|4001|http://halomud.3forum.biz/forum.htm
Harry Potter: Alere Flammas MUSH|alereflammas.org|9034|http://www.alereflammas.org
Harry Potter: Into The Fire|hpitf.secondstarnetworks.com|8005|http://hp-intothefire.wikidot.com/
Harshlands|mud.harshlands.net|5555|http://www.harshlands.net/
Haunted Memories: Vienna by Night|haunted-memories.net|3010|http://www.haunted-memories.net
Haven|mud.havenmud.com|4000|http://www.duuk.com
HavenMUSH|havenmush.ath.cx|3939|http://havenmush.ath.cx/
He-MUSH 2: The Fright Zone|omen.genesismuds.com|2095|
Heart of the Wyld|elraver.com|6999|http://www.elraver.com/wyldheart/
Heavy Gear Mux|hgmux.org|6132|http://www.hgmux.org/
Hell|hellmoo.org|7777|http://hellmoo.org
Helliconia|217.10.9.41|9000|http://helliconia.com
Hercules MUD|hercmud.net|3000|http://hercmud.net:8080
Heroes Dreams: Rebirth|heroesdreams.com|4600|http://www.heroesdreams.com/
Heroes MUSH|heroes.isunlimited.net|7725|http://heroesmush.wikidot.com
Hesperia|hesperia.mudhosting.net|7100|http://hesperia.mudhosting.net
Hexahedron|hexahedron.game-host.org|6000|http://hexahedron.genesismuds.com
HexMUD CircleMUD|hexmud.com|4000|http://hexmud.com/mudapplet/
Hidden Realms|hrmud.com|4000|http://www.hrmud.com
Hidden Worlds|hwmud.mudmagic.com|4000|http://www.hwmud.org
Hideaway MUSH|azhrael.serveftp.net|4201|http://None
Hiervard|hiervard.ru|4000|http://hiervard.traktir.ru
Highlands|mud.highlands.org|8888|
Highlands III|mud.highlands3.org|9100|http://71.18.42.14/
Hogwarts: Dark Rising|darkrising.dune.net|2345|http://hogwarts-darkrising.wikidot.com
Hogwarts: LEGACY|173.203.109.51|8840|
Hogwarts: School of Witchcraft and Wizardry|dune.net|9876|
HogwartsMOO|hogwartsmoo.net|7500|http://hogwartsmoo.net/
Hollow World|mud.hollow-world.net|3007|http://www.hollow-world.net/
HoloMuck|holomuck.org|5757|http://www.holomuck.org/
Holomud 2000|coldtech.com|7773|
HoloTrek|holotrek.org|1701|http://www.holotrek.org/
Holy Mission - Remains from the Past|xserv56.internex.at|2001|http://sites.google.com/site/holymissionproject/
HolyQuest|www.holyquest.org|8080|http://www.holyquest.org/
Hrielith|organelle.org|4045|http://www.organelle.org/hrielith/hrieO.html
Hyperborea|hyperborea.net|2000|http://www.hyperborea.net/
HyperMUX|Hypermux.spodzone.com|2050|
Hysteria|hyst.ath.cx|2453|http://hysteriamud.wordpress.com/
Iberia MUD|iberiamud.com|5900|http://www.iberiamud.com
Icesus|icesus.org|23|http://www.icesus.org/Icesus/
IcewindMUD|81.169.178.155|2021|http://www.icewindmud.org/
Iconoclast|iconoclast.org|7777|http://www.iconoclast.org/
IgorMud|igormud.org|1701|http://www.igormud.org/
Illusions of the Mind|omen.digital-genesis.com|9100|http://www.tibernas.com/
Immortal Wars|raiden.servegame.org|9009|http://raiden.servegame.org
Imperial Reign|ir.lawndartracing.com|5000|http://ir.lawndartracing.com/imperialreign
Imperial v3.5|imperial.modeemi.cs.tut.fi|6969|http://imperial.modeemi.cs.tut.fi/
Imperian: The Sundered Heavens|imperian.com|23|http://www.imperian.com/entry.php?eid=imperian-mudconnector-listing
Imperium|imperium.genesismuds.com|40000|http://imperium.genesismuds.com
Inferno3|mud.inferno3.com.br|4000|http://www.inferno3.com.br/
Infinite Dreams|infinitedreams.moocowpenguin.com|6889|
Infinite Journey|muck.kamakiri.org|9578|http://ijmuck.wetpaint.com/
Infinite Planes|ipmud.com|4545|
Inner Circle|innercircle.genesismuds.com|5010|http://innercircle.genesismuds.com
The Inquisition: Atonement|theinquisition.org|5050|http://theinquisition.org/
Insomniacs Asylum|Insomniacs.game-host.org|7000|http://None
Insymnia|insymniamud.com|3300|http://www.insymniamud.com
Intrigue|intrigue.mushpark.com|5511|http://www.intrigue.mushpark.com/
Ironclaw Online|ironclaw.skotos.net|443|http://www.skotos.net/games/ironclaw/
Isengard|isengard.nazgul.com|4040|http://isengard.nazgul.com
Ishar|ishar.com|9999|http://www.ishar.com
Islands of Myth|islandsofmyth.org|3000|http://www.islandsofmyth.org/
Isle of Wight|catnation.com|1234|
Ivalice|ivalicemud.com|6712|http://www.ivalicemud.com
JediMUD|jedimud.com|4000|http://www.jedimud.com/
JipangMuck|jipangmuck.dynodns.net|1864|http://jipangmuck.dynodns.net/~nakoruru/
judyMUD|laurel.indstate.edu|2150|http://TBA
Jungle Mud|thejunglemud.com|4000|http://www.serverblack.com
The Jungle Mud|jungle.serverblack.com|4000|http://www.serverblack.com/
Jusenkyo Mordor|eraniss.org|4041|http://jm.eraniss.org
Justice League Unlimited MUX|jlu.genesismuds.com|2004|http://www.jlumux.com/
Kallisti MUD|kallistimud.com|4000|http://www.kallistimud.com/
Kerovnia|kerovnia.com|1984|http://www.kerovnia.com/
Killer MUD|killer.mud.pl|4000|http://www.killer.mud.pl/
A Kind of Magic MUSH|mindgames-studio.com|3201|http://akindofmagic.wikidot.com
Kindred Spirits|kindredspiritsmud.com|6767|http://www.kindredspiritsmud.com
Kingdoms|kingdoms.se|1812|http://www.kingdoms.se/
Kingdoms of the Lost|kotl.org|2222|http://www.kotl.org/
KinslayerMUD|www.kinslayermud.org|2222|http://www.kinslayermud.org
KitsuMUCK|kitsumuck.com|8888|http://www.kitsumuck.com
KorongilMUSH|mush.korongil.org|6250|http://www.korongil.org/
La Dominante|ladominante.mudmagic.com|1985|http://www.wix.com/LaDominante/LaDom
LA: A House Divided|lamush.net|9021|http://lamush.net/
The Laboratory|labmush.mushpark.com|3939|http://www.labmush.mushpark.com
Labyrinthus Latinus|ll.imp.ch|3333|http://labyrinthus.latinus.imp.ch/
Lac|lac.pl|4000|http://lac.pl/
Lambda Moo|Lambda.moo.mud.org|8888|
The Land|theland.notroot.com|5000|http://None
The Land LPMud|mud.spin.de|6666|http://mud.spin.de/
The Land of Drogon|land.drogon.net|6123|http://www.drogon.net/tlod/
Land of Legends|tcdbbs.zapto.org|4000|http://www.tcdbbs.zapto.org
Land of Neverending War|fleamuds.mine.nu|4500|http://fleamuds.mine.nu/
Land of Neverending War II|fleamuds.mine.nu|4000|http://fleamuds.mine.nu:4001
Land of the Lost Unicorn|lostunicorn.org|1701|http://lostunicorn.org/
Lands Of Darkness|landsofdarkness.com|4040|http://www.landsofdarkness.com
The Lands of Draknor|www.landsofdraknor.net|4000|http://www.landsofdraknor.net
The Lands of Evermore|mud.evermore.org|23|http://www.evermore.org/
Lands of Stone|mud.landsofstone.org|4801|http://www.landsofstone.org/
The Last Sunrise|thelastsunrise.net|9000|http://www.spearhawk.se
Latitude|latitude.muck.ca|23|http://latitude.muck.ca
Le Jardin Mystique|lejardin.org|6969|http://www.lejardin.org
Legacy|legacy.muq.org|9999|http://legacy.muq.org/~legacy/
Legend of the Nobles|www.legendofthenobles.com|5400|http://www.legendofthenobles.com/
LegendMUD|mud.legendmud.org|9999|http://www.legendmud.org/
Legends Forgotten|hera.twilightstar.net|9000|http://www.twilightstar.net/~legend
Legends of Talraen|216.25.44.20|4050|http://www.talraen.net
Legends of the Darkstone|www.darkstonemud.com|5432|http://www.darkstonemud.com/
Legends of the Jedi|legendsofthejedi.com|5656|http://www.legendsofthejedi.com
Legends of the West|lotw.mudmagic.com|5555|http://www.legendsofthewest.net
Legends of Xenobia|xenobia.mudmagic.com|1972|http://xenobiamud.proboards.com
Lensmoor|lensmoor.org|3500|http://lensmoor.org/
Let The End Times Roll|endtimes.genesismuds.com|9229|http://endtimes.wikidot.com
LevensMOO|moo.levensmoo.net|7777|http://www.levensmoo.net
Leviathan|leviathan.com|1691|http://leviathan.com/
LifeMUD|lifemud.com|2020|http://www.lifemud.com
The Lion King|muck.tlkmuck.org|7675|http://www.tlkmuck.org/
Liosliath Mush|liosliath.mushpark.com|3499|
LochNess|lochness.imp.ch|2222|
Lords of the Realm|lotr.dune.net|1248|http://www.lordsoftherealm.org/
The Lost Book of Merlin|lbom.game-host.org|8888|http://www.rpgdevelopers.com
Lost Dragon Chronicles|ldchronicles.com|5050|http://www.ldchronicles.com
Lost In Time|lit.klfree.cz|7680|http://lit.klfree.cz/
Lost Kingdoms|lkmud.org|4545|http://www.lkmud.org
The Lost Lands Of Arion|carlnet.ee|4242|http://arion.pri.ee
Lost Prophecy|lpmud.genesismuds.com|6010|http://www.lostprophecy.org
Lost Souls|lostsouls.org|23|http://lostsouls.org/
Lost Wishes|lost.wishes.net|5555|http://lost.wishes.net/
Lothlorien|lothlorien.mmmultiverse.com|7600|http://lothlorien.mmmultiverse.com
Lua-Uhane|luamud.org|5444|http://www.luamud.org/
Lumen et Umbra|mclmud.mclink.it|6000|http://www.leu.it/
Lurking Fear 3|lurkingfear.org|4040|CTYPE HTML PUBLIC 
LusitaniaMOO|czaralex.com|6002|http://www.czaralex.com
Lusternia: Age of Ascension|lusternia.com|23|http://www.lusternia.com/entry.php?eid=lusternia-mudconnector-listing
LustyMud|lusty.com|2000|
M*U*S*H|mush.pennmush.org|4201|http://www.pennmush.org/mush/
Macross: New Horizon|macrossnewhorizon.org|2050|http://www.macrossnewhorizon.org
MaddockMUX|maddock.noderunner.net|4205|http://maddock.onlineroleplay.com
Maiden Desmodus|maidendesmodus.com|4000|http://maidendesmodus.com
Majia, Realm of Magic|majia.genesismuds.com|4220|http://None
Malevolence|mudpuddle.shwaine.com|3000|http://www.shwaine.com/malev/
Marvel MUCK - Heroes of New York|wolfsinger.com|3763|http://mmheroes.wikidot.com
Marvel Revolution|charis.servegame.com|9166|http://marvelrevolution.wikidot.com
Marvel Untold|mo.mushpark.com|2012|http://www.sniktbub.wikidot.com
Masquerade|masquerade.org|9999|http://www.masquerade.org
Mass Effect MUSH|swagatron.feem.net|4201|
Materia Magica|materiamagica.com|23|http://www.materiamagica.com/
MatrixMUD|matrixmud.net|6666|http://www.matrixmud.net
Meadows MUCK|amber.org.uk|7000|http://meadowsmuck.googlepages.com
Meat MUD Classic|meatmud.fatedtoend.com|4000|http://meatmud.fatedtoend.com
MediaMOO|mediamoo.media.mit.edu|8888|http://www.media.mit.edu/~asb/MediaMOO/
Medieval Theatre|metafocus.net|4000|
Medieval Times MUD|timesmud.com|8500|http://www.timesmud.com/
Medievia|medievia.com|4000|http://www.medievia.com/
Mediterranean Nights|mednights.blueaether.com|8888|http://mednights.blueaether.com/
Mega Man Mush|megamanmush.com|1997|http://www.megamanmush.com
Memories of Legend|memoriesoflegend.secondstarnetworks.com|8010|http://memol.wikia.com/wiki/Memories_of_Legend_Wiki
Merentha|merentha.com|10000|http://www.merentha.com/
A Merging of Fates|mud.merging.org|5454|http://www.merging.org/
Metro II: Toronto by Night|new.spork.com|4201|http://new.spork.com/players/index.php/Main_Page
Metropolis Universalis|mumuck.com|18888|http://www.mumuck.com/
Miami by Night|67.40.220.113|8250|http://miamibynight.mymush.com
MicroMUSE|micromuse.musenet.org|4201|http://underground.musenet.org:8080/
Midian|midianmud.com|3456|
Midnight Dreams: Final Nightmare|agrajag.rpg-works.net|6767|
Midnight Sun|midnight-sun.ludd.luth.se|3000|http://midnight-sun.ludd.luth.se:3328/
Might and Magic|might.genesismuds.com|4445|http://might.genesismuds.com
The Minds Eye|mudrealms.dyndns.org|3333|http://www.mudrealms.net
The Ministry|carcosa.org|6969|http://carcosa.org/
Minstrel Hall|minstrelhall.com|221|http://www.minstrelhall.com/
Miriani|toastsoft.net|1234|http://www.toastsoft.net
Mirkwood|mirkwoodmud.org|4000|http://www.mirkwoodmud.org
Mirrors of the Wheel|mirrorsmud.net|2222|http://www.mirrorsmud.com/forums
A Moment in Tyme|tymemud.com|6969|http://www.tymemud.com/
MOO Canada, Eh?|moo.ca|7777|http://www.moo.ca/
Moomellow|chilipepper.com|7777|http://www.chilipepper.com:7000/
MOOsaico|moo.di.uminho.pt|7777|http://moosaico.com/
MOOSE Crossing|moose-crossing.media.mit.edu|7777|http://www.media.mit.edu/~asb/moose-crossing/
Moral Decay|playdecay.com|3003|http://www.moraldecaymud.com
Mordor|mordormud.net|4000|http://mordormud.net
MORFS MUSH|games.tinymush.net|4201|http://None
MorgenGrauen|mg.mud.de|23|http://www.mg.mud.de/
Mortal Realms|game.mortalrealms.com|4321|http://www.mortalrealms.com/
Mozart MUD|mozartmud.com|4500|http://www.mozartmud.com
MUCK University|muck.universitymuck.org|2052|http://university.kemenel.org:2051/index.html
Mud Dweller|mud.muddweller.com|23|http://www.muddweller.com/
Mud of Chance|wimpy.fractured.org|1234|
MUD Valinor|mud.valinor.com.br|4000|http://mud.valinor.com.br/
MUD2|mud2.com|23|http://www.mud2.com/
Muddy Waters|mw.muddywaters.org|3000|http://www.muddywaters.org/
MUDII|mudII.co.uk|23|http://www.mudII.co.uk/
Multi MUD|multimud.homeip.net|6022|
MULTI MUD!|multimud.net|4242|http://multimud.net
Multiverse Crisis MUSH|agrajag.rpg-works.net|5001|http://mcmush.org
MUME - Multi Users In Middle Earth|mume.org|23|http://mume.org
MUSHMellow|chilipepper.com|7777|http://www.chilipepper.com/mushmellow/mush.htm
Mutatis Mutandis MUX|mux.mutatismutandis.org|4520|http://www.mutatismutandis.org
MUX: The Series|muxtheseries.isunlimited.net|1941|http://mts.wikidot.com
My MUSH|lix.mudmagic.com|3000|http://invernalia.mudmagic.com/
MyrkaMUX|myrkamux.com|8294|http://www.myrkamux.com/
Myrradel|myrradel.com|4000|http://myrradel.ocliw.com/myrradel/
Mystic|mysticmud.com|3000|http://www.mysticmud.com
Mystic Adventure|mud.mystic-adventure.org|4000|http://www.mystic-adventure.org/index.php
Mystical Mud|mystical.slack-fu.com|5000|
NannyMUD|mud.lysator.liu.se|2000|http://www.lysator.liu.se/nanny/
Nanvaent|nanvaent.org|23|http://www.nanvaent.org/
Narnia MUCK|narnia.godscreations.net|2050|http://www.godscreations.net/
Naruto Mush: Rivalry|game.narutomush.com|7568|CTYPE HTML PUBLIC 
NarutoMUD|narutofor.us|4545|http://narutofor.us
NaughtyMuffin MUSH|muffinmushes.isunlimited.net|2469|
Nebbie Arcane|nebbie.nebbie.it|4000|http://www.nebbie.it
Necromium|necromium.com|4000|http://www.necromium.com
NecroMOO: Craggy Island|necro.mcc.ac.uk|7777|http://necro.mcc.ac.uk:6666/
Necromundus|jointhesaga.com|3005|http://www.jointhesaga.com
Neo Infinity|mcp-server.com|6789|
neoNecronomicon|neon.ods.org|8010|http://digilander.libero.it/fabriziovenerandi/neon/neonbase.htm
Neronis|neronis.ru|9000|http://neronis.ru/
NetherLand|netherland.ath.cx|3666|http://netherland.webhop.net
NetherWorld|mud.envy.com|3666|http://www.netherworldmud.net
Netrunners|netruns.org|7666|http://netruns.org
Network MUCK|skn.homeip.net|8888|http://tsknp.freeforums.org/
New Boston 2025|newboston.mushpark.com|2025|http://www.newboston.mushpark.com/
New Draconia Muck|newdraconia.no-ip.org|8888|http://newdraconia.no-ip.org/~muck/index.html
New Eden|mud.newedenmud.org|4000|http://www.newedenmud.org
New Horizons|nh.horizonz.co.uk|1234|http://www.horizonz.co.uk
New Moon|eclipse.cs.pdx.edu|7680|http://eclipse.cs.pdx.edu/
New Worlds|www.ateraan.com|4002|http://www.ateraan.com
Night War|nightwar.mcp-server.com|4322|http://www.angelfire.com/linux/dpn/downloads/
Nightfall|nightfall.org|23|http://www.nightfall.org/
Nilgiri, the Forgotten World|nilgiri.mythril.com|8888|http://nilgiri.mythril.com/
Nirvana|nirvana.beanos.com|3500|http://nirvana.beanos.com/
Njata|frostmud.com|8348|
No Reality|noreality.org|4000|http://www.noreality.org
Nodeka|nodeka.com|23|http://www.nodeka.com
Northern Crossroads|ncmud.org|9000|http://www.ncmud.org/
Northern Lights|aber.ludd.ltu.se|6715|http://www.ludd.ltu.se/mud/aber/northern_lights.html
NowMOO|moo.NowMOO.nl|2001|http://www.nowmoo.nl/
Nuclear War|abacus.bham.ac.uk|4080|http://www.nuclearwarmud.com/wiki/tiki-index.php
NuclearWarUSA|69.33.164.106|4080|http://www.nuclearwarmudusa.com/
Nystagmos|tenko.hopto.org|4368|http://tenko.110mb.com/
The Oaktree-house talker|toth.org.uk|23|http://www.toth.org.uk/
Omphalos|omphalos.isunlimited.net|4040|
OneRing|tangled.floop.com|9876|http://floop.com/OneRing
The Oracle|amber.org.uk|7500|http://www.oraclemud.net
Order of Chaos|orderofchaos.servegame.com|9500|http://orderofchaos.servegame.com
The Original Emperia|emperia.org|5002|http://www.emperia.org/
Orta Dunya|www.turkmud.org|1234|http://www.turkmud.org/forumtr
The Other Realm|tor.game-server.cc|4300|http://tor.game-server.cc
OtherSpace|jointhesaga.com|1790|http://www.jointhesaga.com/otherspace
OtherSpace: Millennium|jointhesaga.com|3005|http://www.jointhesaga.com
Otherworld, the realm of Tirn Aill|tirnaill.com|4000|http://otherworldmud.proboards.com
OurPlace MUD|ourplace.fractured.org|6543|http://ourplace.fractured.org
OuterSpace|mud.stack.nl|3333|http://mud.stack.nl/
The Outlands - 4th Age|void.dune.net|3000|http://outlands.co.nr
Overdrive|overdrive.concentric.net|5195|http://odweb.concentric.net/
Palavi|blinksoft.com|6969|
Paradise|paradise.muxnexus.com|5555|http://paradisemush.wikispaces.com/
Peril|mud.krollmark.com|3000|http://mud.krollmark.com:2995/
Perilous Realms|perilous.xidus.net|23|http://www.perilousrealms.com/
PernMUSH|pern.mccr.org|4201|
PernWorld|pernworld.net|3333|http://www.pernworld.net
Persistance of Memory|csmctmto.netside.net|4321|
Persona MUSH|rpg-works.net|2012|http://www.divisionbyzero.org/personawiki/Main_Page
PhantasyWorld|pworld.dyndns.org|1111|http://pworld.dyndns.org/index.php?page=home
Phidar|phidar.org|9000|
PhoenixMUD|phoenixmud.mine.nu|4000|http://phoenixmud.mine.nu:20080/
PixieMUD|mud.pixiemud.org|6789|http://www.pixiemud.org
Planets: Rise to Power|zeno.biyg.org|2083|http://planetsrisetopower.freeforums.org/
PMC MOO|pmcmoo.org|7777|
Pokemon Frontier MUCK|dragonet.afraid.org|9193|
Pokemon: Blastoff!|omen.genesismuds.com|2090|
Powermud|powermud.com|2000|http://www.powermud.com
The PrideLand Chronicles|harmlesslion.com|1994|
Primal Darkness|primaldarkness.com|5000|
Primordiax|primordiax.com|3000|http://www.primordiax.com
Prodigy Academy|66.93.212.213|18011|http://www.geocities.com/Tokyo/Island/4910/prodigy.html
Project Bob|projectbob.game-host.org|4000|http://www.projectbob.org/
Project Fiction|projectfiction.genesismuds.com|5599|http://projectfiction.s4.bizhat.com/
Project Twilight|projecttwilight.org|9090|http://projecttwilight.org
Promage|promage.hopto.org|4000|http://www.promage.be
Prophecies of the Pattern|www.potp-mud.com|6400|http://www.potp-mud.com
Prophecy|mud.prophecy.lu|4000|http://www.mud.lu/
Purple Dragon|pdragon.org|5555|http://pdragon.org
Puzzlebox MUCK|puzzleboxmuck.org|8890|http://www.puzzleboxmuck.org
PythonMOO|pythonmoo.co.uk|1111|http://pythonmoo.co.uk
QuarantineMUD: Chronicles|connect.qmud.org|5000|http://www.qmud.org
Questionable Sanity|qs.smwa.net|4000|http://https://www.smwa.net/forums/index.php
R3 mud is back!|aspen.twi.gs|9000|http://None
Raccoon Muck|tfmuck.tigerden.com|6020|
Radairk|81.72.104.153|9000|
Rage of Vengeance|rofv.nl|5000|http://www.rofv.nl
Ragnarok|rag.com|2222|http://www.rag.com
RanmaMUCK|ranma.muck.com|1212|http://ranma.muck.com/
Raptured Souls|newslayer.mudmagic.com|2400|
Rauvyon|rauvyon.com|7075|http://www.rauvyon.com
RavenMUD|ravenmud.com|6060|http://ravenmud.com
Rawhide|mush.rawhidemush.com|8315|http://www.rawhidemush.com
Reality Bytes|jupe.no-ip.com|2360|http://jupe.no-ip.com/~jupiter/rb.html
Realm of Magic|rom.mud.de|4000|http://rom.mud.de/
Realm of Shadows|realmofshadows.us|1133|http://realmofshadows.us/
Realm of the Magi|rotm.murpe.com|1501|http://rotm.murpe.com
Realm of Utopian Dreams|rudmud.com|1701|http://www.rudmud.com
The Realm of War|omen.genesismuds.com|2000|
Realms of Chaos|realmsofchaos.com|3456|http://www.realmsofchaos.com
Realms of Corl|chaos.caile.org|4201|
Realms of Despair|realmsofdespair.com|4000|http://www.realmsofdespair.com/
Realms of Hell|mud.rohonline.net|3333|http://www.rohonline.net/
Realms of the Dragon|mud.rod.org|3000|http://www.rod.org/
Realmsmud|realmsmud.org|1501|
Realmz of Insanity|frankenpuke.com|4005|http://frankenpuke.com
Reanimation|reanimation.mcp-server.com|6868|
Rebirth Mush|rebirth.iamyourgod.org|8888|
Red Tide MUX|redtidemux.com|2626|http://redtide.wikidot.com
Redemption|mud.redemptionmud.com|4000|http://www.redemptionmud.com/
Redwall|redwall.realm.limitless.org|4203|http://redwall.realm.limitless.org
A Reflection of the Wheel|wotmud.wehostmuds.com|8086|http://wotmud.wehostmuds.com
Renegade Outpost 5|renegadeoutpost.com|9999|http://www.renegadeoutpost.com
The Resort Online|resort.org|2323|http://www.resort.org/
Resurrected Abandonment|thirdhosting.com|2000|http://www.thirdhosting.com/
The Retaliation|the-retaliation.net|1181|http://retaliation.genesismuds.com/
RetroMUD|retromud.org|3000|http://www.retromud.org
Return of the Shadow|rots.us|3791|http://www.rots.us
Revolution|revolution.kicks-ass.net|3002|http://www.revolutionmud.com
Rifts: Chronicles of Kingsdale|www.kingsdalemux.com|4242|http://www.kingsdalemux.com/
RIFTs: Rise From Chaos|rfc.mushpark.com|1314|http://rfc.mushpark.com
Ring of Power|rop.dynalias.org|7777|http://rop.dynalias.org
Rising Sun|risingsun.xidus.net|1850|
RivaMUSH|riva.silvren.com|7777|
Road to Amber|roadtoamber.com|6250|http://roadtoamber.com/
RoninMUD|game.roninmud.org|5000|http://www.roninmud.org/
ROT: Modern Day Thoth|thoth.vermaxhosting.com|7777|
Round Table 3|rt.foobird.net|2222|http://communities.msn.com/theroundtable3.html
RPGMUSH 4: Planar Pathways|rpgmush.net|4267|
RubbeRoom|rubberoom.org|6969|http://www.rubberoom.org
RuneWars|tangent.dune.net|4400|
Rupert|rupert.twyst.org|9040|http://rupert.twyst.org/rupert/
Ryksyll MOO|moo.ryksyll.com|8888|http://www.ryksyll.com:8889/
Sabrous|dune.net|6000|http://demon-sushi.com/sabrous
Safekeep|omen.genesismuds.com|4200|http://no homepage
San Diego|sandiego.netlosers.com|9000|http://sandiego.netlosers.com
Sancara|oge.sytes.net|5555|http://oge.sytes.net
ScalesMUCK|scalesmuck.com|8887|http://www.scalesmuck.com
Scarlet|scarlet-citadel.co.uk|2000|http://www.scarlet-citadel.co.uk
Scattergood School for the Magical Arts|www.sgmoo.com|1111|http://www.sgmoo.com
SchMOOze University|schmooze.hunter.cuny.edu|8888|http://schmooze.hunter.cuny.edu:8888
Scourge of Time|scourgeoftime.com|7474|http://www.scourgeoftime.com
ScryMUD|scrymud.net|4444|http://scrymud.net/
The Sea of Storms|tsosmud.org|7070|http://www.tsosmud.org
Seattle 2064|dru.kicks-ass.net|4000|http://Down for Redesign
The Secret of Atlas|atlasmud.com|4445|http://atlasmud.com
Serenity : The Firefly MUSH|serenitymush.com|2020|http://serenitymush.com
ShadeMUCK|ginkosoft.com|1337|
Shades|games.world.co.uk|23|http://games.world.co.uk/inshades/
Shades_of_Grey|shades-of-grey.info|2828|http://www.shades-of-grey.info
Shadow Glen|game.shadowglen.com|4000|http://www.shadowglen.com
Shadow Siege|shadowsiege.com|4080|http://www.shadowsiege.com
The Shadow Wars|shadowwars.org|4000|
ShadowDale|sdmud.org|7777|http://www.sdmud.org
ShadowGate|firedragon.com|6969|http://www.shadowgate.org
Shadowlands|mud.shadow-lands.com|4000|http://www.shadow-lands.com
Shadowrun - Denver|aelfhame.net|1999|http://www.aelfhame.net/~denver/
Shadowrun Germany|germany.dnaco.net|6250|http://cathouse.sindebauchery.net/germany
Shadows of Humanity|themudhost.net|2501|http://www.themudhost.net/~worldgate/wiki/
Shadows of Isildur|middle-earth.us|4500|http://www.middle-earth.us
Sharune|67.223.250.178|9999|http://www.sharune.com
Shattered Dreams|sdmud.com|7000|http://sdmud.com
Shattered Gem MUSH|Sg.iamyourgod.org|1321|
Shattered Kingdoms|mud.shatteredkingdoms.org|1996|http://www.shatteredkingdoms.org/
Shattered World|shattered.org|23|http://www.shattered.org
ShinyMud|shiny.nerp.net|9000|
Shockwave Realms|shockwave.servegame.org|5555|http://shockwave.servegame.org/
Shoujo-Ai MUSH|mush.shoujoai.com|4201|http://mush.shoujoai.com/
Showdown|mudhost.com|4445|
Shroom Mud|shroommud.game-host.org|5555|http://shroommud.game-host.org:27744
ShyeMUSH|shye.org|1701|http://www.shye.org/
SidaliciaMUD|mud.sidalicia.org|6666|http://www.sidalicia.org/
SilberLand|mud.silberland.at|4711|http://www.silberland.at/
Silmaril|silmaril.novacomp.it|4000|http://silmaril.novacomp.it/
Silver Bridge|silverbridge.org|6666|http://www.silverbridge.org
Silver Dreams|dune.net|2850|
SilverWood|80.176.142.132|4000|
Simauria|mud.simauria.org|23|http://mud.simauria.org
Sindome|moo.sindome.org|5555|http://www.sindome.org
Slackmud|slackmud.genesismuds.com|6666|
Sleepless Nights|sleepless.cheese.org|6789|http://sleepless.cheese.org/
SlothMUD|slothmud.org|6101|http://www.slothmud.org/
SluggyMARE|winds.org|8000|http://winds.org/sluggymare/
Smaug Building Institute|tcdbbs.zapto.org|2100|http://zeno.biyg.org/~sbi/
SMiLE|smile.ath.cx|6715|http://www.smile.ath.cx/
SnapMUD|searchbox.ath.cx|9000|http://searchbox.ath.cx/snap/
SneezyMUD|play.sneezymud.com|7900|http://www.sneezymud.com
Sociopolitical Ramifications|spr.ctrl-c.liu.se|23|CTYPE HTML PUBLIC 
Solar Eclipse|cpanel1.betterbox.net|4321|http://www.geocities.com/solareclipsemud
Sonic the Hedgehog: New Horizons|sth.sthnh.com|8888|http://sthnh.com
Soucon MUSH|soucon.silvertree.org|4201|http://soucon.silvertree.org
The Soul Ruins|soulruins.com|5000|http://www.soulruins.com
Soulfire MUSH|soulfire.fawkes.us|7777|http://soulfire.nek0kaburi.net/index.php?title=Main_Page
Southern Cross: Honor de la Familia|sc.scworlds.net|1234|http://scross.homeip.net/Wiki/index.php/Main_Page
The Southlands|elwar.com|8888|http://www.elwar.com/southlands
Sovereign Dawn|sovdawn.kicks-ass.net|4000|http://www.sovdawn.com/
SpheresMUX|spheresmux.net|7777|http://www.spheresmux.net
Spindizzy|muck.spindizzy.org|7072|http://www.spindizzy.org/
Split Infinity|splitinf.org|4000|http://www.splitinf.org/
SporkMUCK|muck.wolfcat.org|8888|
ST: Darkness Within|stdw.darknessmush.net|1801|http://www.darknessmush.net
Stained Death|www.frostmud.com|8112|
Star Conquest|squidsoft.net|7777|http://squidsoft.net/sc
Star Trek: Faded Glory|mush.stfadedglory.com|2100|
Star Trek: Gamma One|gammaone.org|2380|http://www.gammaone.org/index.php/Main_Page
Star Trek: Interregnum|tkhasi.betterbox.net|4342|http://tkhasi.betterbox.net
Star Trek: Redemption|redemption.secondstarnetworks.com|8000|http://st-redemption.wikidot.com
Star Wars - NEW GALACTIC ORDER|sensenet.legions.org|5555|http://www.legions.org/ngo/
Star Wars Mud Poland|swmud.pl|4000|http://www.swmud.pl
Star Wars MUSH|starwarsmush.com|4402|http://www.stormbreaker.net/sw/
Star Wars MUSH: New Worlds|starwarsmush.net|4200|http://starwarsmush.wikia.com/wiki/Main_Page
STAR WARS: AGE OF ALLIANCES|Starwars.Xidus.Net|5500|http://starwars.xidus.net/
Star Wars: Dark Forces RPG|dforces.net|5000|http://www.dforces.net
STAR WARS: Dark Horizons|starwars.isunlimited.net|2001|http://darkhorizons.wikia.com/wiki/Main_Page
Star Wars: Empire Rising|toc.bespin.org|6000|
Star Wars: Evil Never Dies|swend.ath.cx|5000|http://swend.ath.cx/SWR/phpbb2/
Star Wars: Fate of The Republic|fotr.mudmagic.com|8888|http://fotr.mudmagic.com
Star Wars: Galactic Horizon|gh.mudhosting.net|8200|http://gh.mudhosting.net/index.php
Star Wars: Galactic Insights|swgi.org|8060|http://www.swgi.org
Star Wars: Galaxy at War|www.starwarsmu.com|5201|http://swgalaxyatwar.wikia.com
Star Wars: Imperial Awakening MUSH|starwars.ironglove.com|4203|http://www.starwars.ironglove.com
Star Wars: Infinite Galaxy|t-n-k-games.com|1500|http://www.t-n-k-games.com
Star Wars: Insurgency|mud.fox-developments.co.uk|6100|http://www.fox-developments.co.uk/mud
Star Wars: Jedi vs Sith|www.evileyehosting.net|8707|http://www.evileyehosting.net/swjvs
Star Wars: Knights of Darkness|mud.swkod.com|5555|http://www.swkod.com/
Star Wars: Knights of the Old Republic|chaos.mushpark.com|5500|
Star Wars: Legacy|mudsite.com|2500|http://s9.invisionfree.com/Ashes_of_the_Empire/
Star Wars: Legends|swmush.com|8100|http://swlegends.wikia.com
Star Wars: Reign of the Empire|swroe.xidus.net|2187|http://None
Star Wars: Revenge of the Jedi|rotjmud.com|9400|http://rotjmud.com/
Star Wars: Sagas|mush.swsagas.net|1138|http://www.swsagas.net
Star Wars: Schism|plum.amber.org.uk|8400|http://100megs41.com/~anjunyte/schism/
Star Wars: Shattered Equinox|mud.shatteredequinox.com|6666|http://www.shatteredequinox.com/
STAR WARS: Unsung Heroes|unsungheroesgame.com|1138|http://www.unsungheroesgame.com
Star Wars: Uprising|swu.xidus.net|1138|http://None
Star Wars: Way Of The Force|wotf.org|23|http://wotf.org/
Star Wars: Ways of the Force MUSH|swwfm.net|4201|http://www.swwfm.net/
StarCraft MUD|riverofstars.org|3030|http://www.riverofstars.org/
StarCraft MUD 2|starcraftmud.com|4000|http://www.starcraftmud.com/
Starfall Saga|starfallsaga.com|3016|http://www.starfallsaga.com
Stargate: Atlantis MUSH|sga.mushpark.com|5678|http://www.localecho.org/SGA/
Stargate: Omega|sgomega.mushpark.com|2517|
StarMUD|starmud.com|4000|http://www.starmud.com
Static Chaos - Still Alive|staticchaos.mudhosting.net|1982|http://www.staticchaos.mudhosting.net
Stick in the MUD|mud.stick.org|9000|http://bb7.betterbox.net/~stick/
StickMUD|stickmud.com|7680|http://www.stickmud.com
StormHunters|sh.ackmud.net|2000|http://stormhunters.ackmud.net
Storms of Time|slackhalla.org|4321|http://slackhalla.org/~emud
Straits of Manzaleh|straits.mushpark.com|3201|http://None
StrangeMUD|strangemud.net|9332|http://www.strangemud.net/
String Theory MUX|stringtheory.isunlimited.net|1407|http://string-theory.wikidot.com
SumuMud|sumu.org|3000|http://www.sumu.org/
Supremacy|slackhalla.org|6464|
Synergy|synergy.org|2000|http://www.synergy.org
T-Mush|drigon.com|4201|
TableMUSH|tablemush.org|4202|
Tapestries MUCK|tapestries.fur.com|2069|http://www.fur.com/tapestries
Tauros|taurosmud.com|5005|http://www.taurosmud.com
Tempered Steel|Tsteel.org|7000|http://tsteel.org
Tempest|game.tempestmux.com|5555|http://www.tempestmux.com
Tempora Heroica|titan.ibiblio.org|2895|http://www.ibiblio.org/TH/
Tempora Sanguinis 2|ts.noshout.it|4000|http://www.noshout.it
TempusMUD|tempusmud.com|2020|http://tempusmud.net/
Ten Nations|208.43.220.232|3101|http://www.tennations.mudhosting.net
Terminus Faire|terminus.mushpark.com|9999|
TerraFirmA|terrafirma.terra.mud.org|2222|http://terrafirma.terra.mud.org
TerraMUDX|smeagol.terrace.qld.edu.au|4001|http://www.wonko.info/mud/
The Territories: Wasteland|winds.org|2500|
Tharsis Gate|tharsis-gate.org|8765|http://tharsis-gate.org/
the-night.com|the-night.com|2000|http://www.the-night.com
Thieves World|tw.genesismuds.com|6000|http://tw.genesismuds.com
The Third Turning|tangent.dune.net|5600|
Threads of Time|threadsoftime.org|1548|http://www.threadsoftime.org
Threshold RPG|thresholdrpg.com|23|http://www.thresholdrpg.com/
Throes of Creation|throes.slayn.net|1200|http://throes.slayn.net/
Thud! - A Discworld MUD|thudmud.us|2001|http://thudmud.us
Time of Darkness|todmud.com|7700|http://www.timeofdarkness.com
Time of Troubles|timeoftroubles.kicks-ass.net|3334|http://www.myspace.com/timeoftroubles
Times of Chaos|trinity.phlegethos.net|9000|
TinyTIM|yay.tim.org|5440|http://www.tim.org/
Tir na nOg|tnnmud.com|6789|http://www.tnnmud.com/
Tower of High Sorcery Major Mud|tohs.dyndns.org|2323|http://tohs.dyndns.org:8081/index.htm
Towers|towers.genesismuds.com|2750|http://towersmud.net
Transformers Mush|azuth.isunlimited.net|1066|
Transformers Universe|aerosar.net|1976|http://tfumux.wikia.com
Transformers: 2K5 MUSH|tf2005.net|5555|http://www.tf2005.net
TransGenesis|vermaxhosting.c|5555|http://Coming Soon!
TrekMUSH - Among The Stars|ats.trekmush.org|1701|
Triforce MUCK|muck.triforcemuck.com|4201|http://www.triforcemuck.com
TriochMARE|winds.org|6500|http://triochmare.googlepages.com/
TrollAttack|trollattack.com|4000|http://www.trollattack.com
True Blood: Dallas|trueblood.thruhere.net|4444|http://trueblood-dallas.wikidot.com
Tsunami|tsunami.thebigwave.net|23|http://www.thebigwave.net/index.html
Turf|turf.org|4000|http://www.turf.org
TUSP|tiopon.mudmagic.com|3499|http://tiopon.mudmagic.com
Twilight|twilight.tigerden.com|6010|http://www.tigerden.com/~twilight/
Twilight Falling|twilightfalling.net|6250|
TwilightMUX|vsb.mudhosting.net|4423|http://twilight.mudhosting.net
Twist of Fate|omen.genesismuds.com|3311|
Twisted Kingdoms|muck.twisted-kingdoms.com|8900|http://www.twisted-kingdoms.com
TwistedMUCK|charis.servegame.com|4242|http://www.marrowproductions.com/Twisted/
Twiztid Serial Killers|tsk.vermaxhosting.com|9074|CTYPE HTML PUBLIC 
The Two Towers|towers.t2tmud.org|9999|http://www.t2tmud.org
UglyMug|uglymug.org.uk|6239|http://www.uglymug.org.uk
Ultimate War Universe|uwu.isunlimited.net|2401|
Ultraviolence|playerkill.com|6666|http://www.playerkill.com/
Unbridled Desires|hercules.mthelicon.com|8888|http://www.angel-hare.com/acorn/muck/UDChar.html
The Underworld|mud.theuw.net|5000|http://www.theuw.net
Underworld Dreams|dreams.daestroke.com|3000|http://dreams.daestroke.com/
United Federation of Planets|ufpmud.sunfire.org|7779|http://www.ufpmud.org
UNItopia|UNItopia.de|23|http://UNItopia.de
Unofficial Seeds of Hate|frostmud.com|8018|
The Unofficial Squaresoft MUD|uossmud.sandwich.net|9000|http://uossmud.sandwich.net/
Unwritten Legends|www.unwritten.net|6666|
Utopia|utopia.mudservices.com|6789|http://www.utopia.mudservices.com/
Utopia : Ascension|frostmud.com|8336|
Uzak Diyarlar|uzakdiyarlar.com|4000|http://www.uzakdiyarlar.com
V: The Visitors Return MUSH|yojoe.mudmagic.com|1842|
Valhalla MUD|valhalla.com|4242|http://www.valhalla.com/
Valheru Mud|mud.valheru.com|4242|http://www.valheru.com
Vampire Wars|new.vampire-wars.com|6666|http://new.vampire-wars.com/
Vampire Wars: The New Era|newera-vampire.com|6201|http://www.newera-vampire.com/forums/
VanciaMUD|vanciamud.fr|4000|http://www.vanciamud.fr
VargonMUD|mud.vargonmud.com|23|http://www.vargonmud.com/
Vecterian Realms III|vectorrealmsiii.mmmultiverse.com|2188|
Veritas Star Wars MUD|omen.digital-genesis.com|4000|http://omen.digital-genesis.com/~verited/
VikingMUD|connect.vikingmud.org|2001|http://www.vikingmud.org
Village Rivals|villagerivals.net|3500|http://www.villagerivals.net
Virtual Realities|vr.frostbite.org|3019|http://vr.frotbite.org/vr.html
Virtustan MUD|prool.kharkov.org|8888|http://mud.kharkov.ru
Voices of Dune|duneiv.mushpark.com|4244|http://None
The Void|void.greenfinch.com|1234|http://void.greenfinch.com
Void of Reality|demonspawn-mpv3.com|7777|http://www.demonspawn-mpv3.com
Vor|incubbus.com|6250|http://www.incubbus.com/vor/
Voregotten Realm|vore.got-game.org|8888|http://vore.got-game.org/VoregottenRealm/
Wake|wakemud.com|2177|http://wakemud.com
Walraven|mud.simud.org|4242|http://simud.org/
War of Gods|wog.zutom.sk|9990|http://wog.zutom.sk
Warhammer 40K: Cerberus Campaign|enigma.dune.net|6115|
Warlock|warlock.pl|23|http://www.warlock.pl/
Waterdeep|wdmud.com|6660|http://www.WaterdeepMUD.com
Weyrmount II|moo.weyrmount.org|8000|http://www.weyrmount.org/
Wheel of Time|wotmud.org|2222|http://www.wotmud.org
Wheel of Time: Winds of Change|mud.winds-of-change.org|4000|http://www.winds-of-change.org
Where No One Has Gone Before|game.wnohgb.org|1701|http://www.wnohgb.org
WileyMUD III|wiley.shadowlord.org|3000|CTYPE HTML PUBLIC 
WindyCity MUX|windycity.mushpark.com|1138|http://windycity.wikidot.com
Wing Commander: Gemini Sector|omen.genesismuds.com|2657|http://wcgs.wikidot.com
Winter Moon|wintermoon.servebeer.com|4003|http://www.wintermoonmud.com
Wintershade MUCK|wintershade.net|2003|http://wintershade.proboards.com
Wisney World II|wisney.kicks-ass.org|5000|http://www.geocities.com/wisneymud/
Witchcraft and Wizardry|witchcraftandwizardry.net|4537|http://witchcraftandwizardry.net/
WoD Berlin|new.silver-wolf.net|9024|http://www.realmofdreams.org/wod/
WolvesBane Rock|wbr.tamarisk.ab.ca|6000|http://tamarisk.ab.ca/~wbr
World of Naruto|wonmud.com|9000|http://wonmud.com/
World of the Slayer|wots.mushpark.com|1938|http://wots.mushpark.com/Main.html
Worlds of Carnage|wocmud.org|4000|http://www.wocmud.org
Wormhole MUD|mud.wormhole.se|4000|http://www.wormhole.se
Wunderland|wunderland.mud.de|23|http://wunderland.mud.de/
X-men : Another Day Dawns|kydance.net|3113|http://x-menanotherdaydawns.wikidot.com
X-Men Movieverse: X-Factor|xmenmovieverse.com|7007|http://xmenmovieverse.com
X-Men: Alpha|xma.digimoon.org|4040|http://lyssa.org/xma/
X-Men: Flame of Darkness|game.flameofdarkness.com|2009|http://www.flameofdarkness.com
X-Men: Retrograde|xmr.dune.net|4567|http://xmr.dune.net
Xanadu Station|xanadu.gull.us|8888|
Xaos|xaos-mud.org|5000|http://xaos-mud.org
XIAIX|xiaix.com|5555|http://www.xiaix.com
XK4|xk4.us|4000|
Xyllomer|xyllomer.de|3000|http://www.xyllomer.de/
YaoiMuffin MUSH|muffinmushes.isunlimited.net|6942|
YorMUSH|yormush.com|9988|
Zebedee|zebedee.org|7000|http://www.zebedee.org
Zee MUD|mud.zeemud.org|4000|http://www.zeemud.org/
Zombie Mud|frankenpuke.com|4000|http://www.frankenpuke.com
ZombieMUD|zombiemud.org|23|http://zombiemud.org/
6 Dragons|6dragons.org|3222|http://6dragons.org
3Scapes|3scapes.org|3200|http://www.3scapes.org
8bitMUSH|8bit.fansi.org|4201|http://8bit.memoryleak.org
7 Degrees of Freedom|7dof.org.uk|6715|http://www.7dof.org.uk/
4 Dimensions|4dimensions.org|6000|http://4dimensions.org
5 Kingdoms of Mercator|mercator.dune.net|2411|http://mercator.dune.net
The 7th Plane|7thplane.ath.cx|8888|http://7thplane.ath.cx
3-Kingdoms|3k.org|3000|http://www.3k.org/
Aabahran: The Forsaken Lands|216.136.9.8|1848|http://www.theforsakenlands.org/
Aaezure Odyssey|amud.kicks-ass.org|1111|http://myst.home.comcast.net/amud/
Aarchon|mud.worldofaarchon.com|8000|http://www.worldofaarchon.com
Aardwolf|aardmud.org|23|http://www.aardwolf.com
Aarils|aarils.game-host.org|4530|http://aarils.webs.com
Abandoned Codex|abandonedcodex.net|4000|http://www.abandonedcodex.net/
Abandoned Reality|64.22.103.201|4443|http://www.Abandoned.org
Aber-Phoenix|phoenix-mud.com|6716|http://www.phoenix-mud.com/
Abysmal Realms|realms.reichel.net|4000|http://realms.reichel.net/
Accursed Lands|accursed-lands.com|8000|http://www.accursed-lands.com
Achaea, Dreams of Divine Lands|achaea.com|23|http://www.achaea.com/entry.php?eid=achaea-mudconnector-listing
Acropolis|acro.game-host.org|5500|http://acro.game-host.org:81/~acro/
Act of War|actofwar.com|4000|http://www.actofwar.com
Act Of War : Return To Urth|klinkwall.net|4000|http://none currently, a new hopepage will come up soon
Act of War: ReBirth|actofwar.mudmagic.com|4000|
ADAMANT : World of the Rings|amud.orc.ru|4000|http://www.a-mud.ru/
AddictMUD|addictmud.org|4000|http://www.addictmud.org/
Adventures for Ancient Wisdom|score.dyndns.org|4100|http://www.geocities.com/aaw_home
Adventures Unlimited|tharel.net|5005|http://www.tharel.net/
Aeonian Dreams: Reawakened|aeonian-dreams.net|4000|http://www.aeonian-dreams.net
Aesir|aesir.dune.net|9001|
Aesir 2|frostmud.dyndns.org|7002|http://frostmud.dyndns.org
Aetolia, the Midnight Age|aetolia.com|23|http://aetolia.com/entry.php?eid=aetolia-mudconnector-listing
After Hours|afterhoursmud.com|2000|http://afterhoursmud.com
After the Plague|atp.pedia.szote.u-szeged.hu|3000|http://160.114.100.96/~atp/
After...|muck.aftermuck.net|1994|http://aftermuck.net
AfterFive|af.vew.net|9999|http://af.vew.net/af.html
Age of Chaos|aoc.pandapub.com|4000|http://www.pandapub.com
Age of Dragons|ageofdragons.com|4000|http://www.ageofdragons.com
Age of Legends: Tales of the Lance|ageoflegends.com|6010|http://www.ageoflegends.com/
Age of Legends: Tales of the Lance d20 Edition|d20mud.com|6070|http://www.ageoflegends.com/
Age of Legynds|ageoflegynds.game-host.org|4000|CTYPE HTML PUBLIC 
Age of Reptiles|aor.genesismuds.com|8080|http://ageofreptiles.weebly.com
Age of the Throne|aott.com|23|http://www.aott.com/
Age of War|ageofwarmud.org|4000|http://www.ageofwarmud.org/
Ages of Despair|aod.mine.nu|5000|
Akanbar|akanbar.com|23|http://www.akanbar.com
Akarian Dawn: Shadows of an Empire|brennor.dyndns.org|1896|http://brennor.dyndns.org/akdawn/akdawn.html
Akashat|akashat.com|6767|http://www.akashat.com
Aladon MUD|aladon.sovintel.ru|9000|http://www.aladon.sovintel.ru/
Alalia|tangent.dune.net|4400|
Alatia|alatia.com|2000|http://www.alatia.com/
Aldebaran|aldebaran.mud.de|2000|http://aldebaran.mud.de/
Aldria OpenMush|aldria.mushhosting.net|9009|http://aldria.mushhosting.net
AlexMUD|alexmud.stacken.kth.se|4000|http://alex.stacken.kth.se/
All Good Things...|agt.mushpark.com|1701|http://agt.mushpark.com
Allandria|mud.allandria.com|7778|
Allanthya: Apocalypse|allanthya.org|4000|http://www.allanthya.org
Almaren|celemir.net|4000|
Alter Aeon|alteraeon.com|3000|http://www.alteraeon.com
Altered Realities|ar.squeep.com|8888|http://www.tf-ring.com/muck/
Altered Reality|ar.static.net|4000|http://ar.static.net/
AlteredHorizons|althorizons.genesismuds.com|4242|
Alveus: Hollow World|alveusmush.com|4201|http://www.alveusmush.com
Amitoune|www.amitoune.com|6500|http://www.amitoune.com/
Anarres II|mudlib.anarres.org|5000|http://www.anarres.org/projects/mud/
Ancient Anguish|ancient.anguish.org|2222|http://ancient.anguish.org/intro.php?id%3Dtmc_db
Ancient Empires|ae.satori-assoc.com|5011|CTYPE HTML PUBLIC 
Ancient Mists|ancientmists.mudmagic.com|1538|http://ancientmists.mudmagic.com
AnderLand|al.mud.de|31415|http://al.mud.de/
Angel City MUSH|angelcity.isunlimited.net|3993|http://angelcity.wikidot.com/
Angelic Layer MUSH|angelic.genesismuds.com|7705|http://angelic.genesismuds.com
Anime Planet|animeplanet.genesismuds.com|3334|http://anime-planet.wikidot.com/start
AnimeMUD|animemud.genesismuds.com|6000|http://None
Anodyne III|evileyehosting.net|2100|http://None
Anomaly TrekMUX|anomaly.mushpark.com|2120|http://anomaly.mushpark.com
AnsibleMOO|ansiblemoo.org|6000|http://www.ansiblemoo.org/
Apocalypse|mosescentral.com|6969|
Aragond: The Chronicles|aragond.com|9000|http://www.aragond.com
Arcane Ages|arcaneages.com|4000|
Arcane Nites|arcanenites.com|7000|http://arcanenites.com/
Arctic|mud.arctic.org|2700|http://mud.arctic.org/
Arda MUD|arda.pp.ru|7000|http://www.arda.pp.ru
Areth|mud.areth.org|6000|http://www.areth.org/
Arion: the Nightmare|carlnet.ee|4000|http://arion.hyena.pri.ee/logstation
Ark of Fools MUX|arkoffools.com|3000|http://www.arkoffools.com/game
Arkadia|arkadia.rpg.pl|23|http://www.arkadia.prv.pl/
Armageddon|ginka.armageddon.org|4050|http://www.armageddon.org/joinus.html
ArsonMUD|arsonmud.mine.nu|9999|http://arsonmud.webs.com
Arthnor|q.geek.nz|8888|
As The Wheel Weaves|aww-mud.org|6500|http://aww-mud.org
Asgard|asgardian.dune.net|4444|
Ashes of Tiran|ashesoftiran.mudhosting.net|6767|
Ashirion: The Broken Sphere|ashirion.co.uk|1969|http://ashirion.co.uk
Astaria|astaria.net|23|http://astaria.net/
AstroMUDv2|astrohost.game-server.cc|2447|
Asylum|asylum-mud.org|6715|http://www.asylum-mud.org
AtlantisMUX|atlantis.mushpark.com|7777|http://None
Atrocity|atrocitymud.org|6715|http://www.atrocitymud.org/
The Augmented Dimension|aug-dimension.hopto.org|8228|
Aurealan Realms|aurealanrealms.org|4000|http://www.aurealanrealms.org/
AuroraMUSH|amush.cx|4190|http://www.amush.cx/
AustinMUD|mud.austinmud.dk|4000|http://www.austinmud.dk
Avalon|avalon-rpg.com|23|http://www.avalon-rpg.com/
Avalon: The First Age|firstage.net|23|http://www.firstage.net/
AVATAR Mud|avatar.outland.org|3000|http://www.outland.org
Avatar Mush|avatarmush.vermaxhosting.com|8001|http://avatarmush.wikidot.com/home
Avatar West|avatarwest.outland.org|3000|http://www.outland.org/
Avendar: The Crucible of Legends|avendar.com|9999|http://www.avendar.com
Awakened Worlds|awakenedworlds.net|4000|http://www.awakenedworlds.net
Aydindril 2|redstreak.no-ip.org|4000|http://redstreak.no-ip.org:3999/~aydindril/
Azereth|azereth.game-host.org|6464|http://azereth.game-host.org:6400
Bad Trip|badtripmud.com|7778|http://www.badtripmud.com
Bajor3D|wolfsinger.com|1701|http://wolfpack.twu.net/Bajor3D/
Bakhara|bakhara.org|4000|http://www.bakhara.org/
Balderdash|mud.khakassia.ru|9000|http://mud.khakassia.ru
Balzhur|balzhur.genesismuds.com|5400|http://www.balzhur.org/
Banished Lands|dentinmud.org|6000|http://banished.dentinmud.org/
Barren Realms|barren.barrenrealmsmud.com|8000|http://www.barrenrealmsmud.com/
BatMUD|batmud.bat.org|23|http://www.bat.org/
Battletech 3060|btmux.com|3060|
Battletech: The Frontier Lands|frontiermux.com|5555|http://btmux.com
BayMOO|baymoo.org|8888|http://www.baymoo.org/
Beauty|games.dragonpro.com|6969|
Bedlam|bedlam.gotdns.com|9000|http://www.bedlamforums.com
Beleriand|middleearth.net|4739|http://beleriand.mux.net/
Between Darkness and Light|spodzone.com|1350|
Between Shadows and Light|shadowlight.dyndns.org|1223|http://shadowlight.dyndns.org/trac
Beutelland|bl.mud.at|5678|
Beyond Despair|beyonddespair.genesismuds.com|3500|http://beyonddespair.genesismuds.com
Big Damn MUSH :: Be a Hero|bigdamn.com|7777|http://www.bigdamn.com
Black Sands MUD|black-sands.net|4110|http://www.black-sands.net
Blackburn|blackburn.ath.cx|4444|http://blackburn.ath.cx/
BlackMUD|blackmud.com|2000|http://www.blackmud.com/
Blademaster: The Age of Darkness|blademaster.isunlimited.net|1975|
Bleach MUSH: The Beginning|bleachmu.cjb.net|7700|
Bleached InuYasha Galaxy|biyg.org|1801|http://www.biyg.org
Blood Calls Blood|bloodcallsblood.com|2300|
Blood Dusk|mud.dusk.org|7000|http://mud.dusk.org/
Blood of Dragons|bod.westeros.org|3000|http://www.westeros.org/BoD/
Bloodlands|frostmud.com|8020|
Bloodlines MUSH|omen.genesismuds.com|2010|http://bloodlinesmush.wikidot.com
Bloody Nightmares|bloodynightmares.org|9876|http://bloodynightmares.org
Blue Earth|blueearth.genesismuds.com|2583|http://blueearth.wikidot.com
Brigadoon|izumaru.dyndns.org|9000|http://izumaru.dyndns.org:9001/
BrMUD|brmud.com.br|23|http://brmud.com.br
Broken Prophecy|brokenprophecy.mushbook.com|8061|http://bp.mushbook.com
Broken Shadows|shadows.dreamstealer.net|4000|http://shadows.dreamstealer.net
BrutusMUD|brutusmud.net|4444|http://brutusmud.net/
BSG: Kharon|bsgkharon.com|5102|http://kharon.wikidot.com
The Builder Academy|tbamud.com|9091|http://www.tbamud.com
The Burbs|Burbs.org|4567|http://www.Burbs.org/
Burning|burningmud.com|4000|http://www.burningmud.com
The Burning Eye|mud.burning-eye.net|4000|http://www.burning-eye.net/
By Right of Blood|brob.genesismuds.com|6070|http://www.wix.com/Zyrilius/ByRightOfBlood
Cajun Nights MUSH|cajun.cernu.us|7373|http://cajunnights.com
Camp Half-Blood|portent.genesismuds.com|4201|http://camp-half-blood.wikidot.com
Carnival of Carnage|carnival.mudmagic.com|4123|http://carnival.slayn.net
Carrion Fields|carrionfields.com|4449|http://forums.carrionfields.com/dc/dcboard.php
Castle Arcanum|castlearcanum.com|3888|http://www.castlearcanum.com
Castle Perilous|cpmud.rockwoodtech.com|1440|http://cpmud.rockwoodtech.com
CastleMUD|castle.mudsrus.com|4000|http://castle.mudsrus.com/
CaveMUSH|cavemush.com|6116|http://www.cavemush.com
Celathryan : The Uncharted|celathryan.iamyourgod.org|6100|
CfMud - Mud de Ciencia Ficcion|cfmud.genesismuds.com|4100|http://cfmud.genesismuds.com
Chalacyn Nights MUD|mud.chalacyn.com|1000|http://www.chalacyn.com/
Champions MUSH|tangent.dune.net|6363|http://www.championsmush.com
Chaos Empire MUD|chaos.redcoven.com|4600|http://None
Chaos In Babylon|chaoticushosting.com|1238|
Chaos Mud|chaosmud.com|1111|http://www.chaosmud.com
ChaosMUCK|chaosmuck.no-ip.com|3333|http://users.vnet.net/raven3/homepage.html
Chariots of Destruction|destruction.game-host.org|2000|
CharmedMUSH|charmedmush.com|1820|http://www.charmedmush.com
CheesyMUD|cheesymud.com|4001|http://www.cheesymud.com/
Chiaroscuro|jointhesaga.com|3005|http://www.jointhesaga.com
Chihuahua Mud|nickgawronski.com|2000|
The City By The Bay|bay.mushpark.com|1983|http://bay.mushpark.com
Clandestine|clandestinemud.com|9476|http://cland.dustbite.net/
Clash of Worlds|FrostMUD.com|8288|
Cleft of Dimension|cleftofdimension.com|9000|http://www.cleftofdimension.com
Cleft of Dimensions|cod.mudmagic.com|4354|http://cod.mudmagic.com
Clessidra|mud.clessidra.it|4000|
Coast of Seven Incarnations|mud.c7i.ru|4000|http://www.c7i.ru
CoffeeMud|coffeemud.net|23|http://www.coffeemud.net
The Cold Dark|ice.cold.org|1138|http://ice.cold.org:1180/
Colorado Dreams|coloradodreams.mudmagic.com|1880|http://coloradodreams.mudmagic.com
CombatMud::The Soldiers Side|sandstorm.arthmoor.com|9696|http://sandstorm.arthmoor.com
Comic Adventures Mux|comicadventures.mudhosting.net|2860|http://comicadventures.wikia.com/wiki/Comic_Adventures_Wiki
ConQUEST|conquest.sdmud.com|5000|http://www.uc.edu/~hollisgf/nakedmud.html
Continents Mud|continentsmud.com|5050|http://www.continentsmud.com/
Core|www.coremud.org|4000|http://www.coremud.org/
Corporate Expanse: From the Cradle|corpexpanse.com|7117|http://www.corpexpanse.com/cradle
The Cortex|vfocus.com|2525|http://www.vfocus.com/cortex
Cosmic Cuttlefish|mush.CosmicCuttlefish.org|8178|http://www.CosmicCuttlefish.org
Cosmic Muffin|cosmicmuffin.servegame.com|2860|http://cmmuck.tripod.com/
Cosmos|trekgames.net|1234|http://www.trekgames.net
Cotn 2.5|zeno.biyg.org|2851|
Cotn 4.0|zeno.biyg.org|2852|
Covenant|tierceron.com|1685|http://www.tierceron.com/mud/index.php
Cowboy Bebop: Space Cowboy|cb-sc.com|4567|http://cb-sc.com
Crimson Fate|cfmud.net|4000|
Crimson Fields|cf.lawndartracing.com|4000|http://cf.lawndartracing.com/crimsonfields
Crimson MUD 2|mud.crimson2.com|4000|http://www.crimson2.com
Crimson Nightmares|crimsonnightmares.com|8887|http://crimsonnightmares.com/
The Criterion|criterionmud.net|3999|http://www.criterionmud.net/
Crossroads|ftg.homeip.net|1234|http://xroads.webs.com/
Crossroads MUSH|crossroadsmush.com|5555|http://www.crossroadsmush.com
Crossroads of Twilight|cotmud.genesismuds.com|10000|http://cotmud.genesismuds.com
Cryosphere|cryosphere.org|6666|http://cryosphere.org/
Crystal Mush|newslayer.mudmagic.com|6886|http://crystalmush.kydance.net/
CrystalDreams|crystal.theurgy.org|5000|
Cthulhumud|cthulhumud.com|8889|http://www.cthulhumud.com
Cuendillar MUSH|cuendillar.org|7200|http://www.cuendillarwiki.org/
Cult of Man: Southern Cross|sc.scworlds.net|4321|http://scross.homeip.net/wiki/
CWG - Rasputin Beta Port|rasputin.lazuras.org|5001|http://cwg.lazuras.org
CyberASSAULT|cyberassault.org|11111|http://www.cyberassault.org/
CyberSphere|cs.netsville.com|7777|http://cs.netsville.com
Cygnus|cygnusmud.pl|4000|http://cygnusmud.pl
d20 MUD Forgotten Realms|d20mud.com|4000|http://www.d20mud.com/
Daedal Macabre|www.daedal-macabre.org|9000|http://daedalmacabre.forumotion.com/
Darbonne, the Floating City|styx.darbonne.com|3000|
Dare To Dream Moo|dtdream.cmoo.com|9911|http://www.techie-web.com/
Dark Age of Cybertron|darkages.isunlimited.net|7775|
Dark Castle|dcastle.org|23|http://www.dcastle.org
Dark City|darkcity.godwars.net|3000|http://www.godwars.net
Dark Forces MUSH|darkforces.arthmoor.com|5555|http://darkforcesmush.wikia.com/wiki/Dark_Forces_MUSH_Wiki
Dark Gift|darkgift.mushpark.com|6251|
The Dark Hand|starwars-tdh.com|7777|http://www.starwars-tdh.com
Dark Isles|dark-isles.com|7000|http://www.dark-isles.net
Dark Lair|tiopon.mudmagic.com|3500|http://tiopon.mudmagic.com
Dark Metal|darkmetal2039.com|2039|http://www.darkmetalmush.net
Dark Mists|darkmists.org|2222|http://www.darkmists.org
Dark Prophets MUSH|darkprophets.the-wyvern.net|1357|http://www.darkprophets.com/
Dark Rifts|darkrifts.net|5000|http://www.darkrifts.net
Dark Risings|titan.mudmagic.com|1313|http://www.darkrisings.net/
Dark Skies|darkskies.dune.net|2001|
The Dark Tower RomMud|farseek.com|4550|http://farseek.com/dtmud/
Dark Wizardry|darkwiz.cjoffline.com|6969|http://darkwizardry.proboards.com/
DarkBlade|darkblade.ath.cx|7575|http://darkblade.ath.cx
DarkeMud|live.darkemud.com|5559|http://www.darkemud.com/
The Darkening Sun|darkeningsun.org|5678|http://darkeningsun.org
Darker Realms|darkerrealms.org|2000|http://www.darkerrealms.org/
Darkness Falling|darknessfalling.blueaether.com|4999|http://darknessfalling.blueaether.com
Darkover|darkover.isilm.com|5000|http://darkover.isilm.com/
DarkWind|darkwind.org|3000|http://www.DarkWind.org/
Dartmud|dartmud.com|2525|http://www.dartmud.com/
Dawn|dawnmud.com|3000|http://dawnmud.com/
Dawn Mud|dawnmud.com|3000|http://dawnmud.com
Dawn of Acheron|bhmm.net|7400|http://bhmm.net/acheronmud
Dawn of Demise|tdod.org|4000|http://tdod.org/
Dawn of the Ages|rplay.net|8000|http://rplay.net/main.html
Day of Dreams|dod.azure-nova.com|6767|http://www.dayofdreams.org.uk
DBZ: EoC|db-wotc.com|9999|http://www.dbzeoc.spgn.us
DCU: Legacies of Justice|legaciesofjustice.com|9999|http://www.legaciesofjustice.com
De Digitale Metro|moo.demetro.nl|8888|http://www.demetro.nl/
Dead of Night|deadofnight.org|5000|http://www.deadofnight.org/
Dead of Night LPMud|deadofnight.com|3443|http://www.deadofnight.com/
Deathmatch|mud.zomgponies.com|4000|
Deckeon|deckeon.mine.nu|2065|http://www.deckeon.net
Deeper Trouble|deepertrouble.demon.net|4242|http://www.deepertrouble.demon.net/
DeimosMUD|deimosmud.com|6666|http://deimosmud.com
Delphine|delphine.org|23|http://www.delphine.org/
Delusion|delusion.mud.de|6715|http://www.delusion.de/
DelusionsMUCK|DelusionsMUCK.com|4999|http://www.DelusionsMUCK.com
The Den|mserv2.sgeinc.com|8888|http://www.wizvax.net/ice/index.html
Denver: Dark Alliance|denver.mushpark.com|2000|
Desolation|desolation.org|7878|http://www.desolation.org/
Devilshire|devilshire.org|4500|http://devilshire.org
DiamondGate|mud.diamondgate.com|4000|http://www.diamondgate.com/
DiamondMud|diamondmud.org|4000|http://www.diamondmud.org
Dibrova II|moemuds.com|4000|http://www.moemuds.com
DiscordiaMUSH|discordia.nevermind.com|4201|http://discordia.nevermind.com/discordia/
Discworld|discworld.imaginary.com|23|http://discworld.imaginary.com:5678/
Distant Lands|dl2.net|23|http://www.dl2.net/
Divided Skies MUSH|ds.secondstarnetworks.com|1313|http://www.divided-skies.wikidot.com/
Divided Sky|divided-sky.com|7700|http://www.divided-sky.com
Divine Blood|mud.divineblood.org|4000|http://www.divineblood.org
Dizzymud|mud.dizzymud.com|4000|http://www.dizzymud.com
Dominia MUD|mud.dominiamud.net|3333|http://www.dominiamud.net
Draconia MUD|draconia.genesismuds.com|5400|http://draconia.genesismuds.com
Dragon|cpanel1.betterbox.net|6715|
Dragon Ball Arena|dbarena.reignsytes.net|1235|http://dbarena.sytes.net
Dragon Ball Star|zeno.biyg.org|20000|http://zeno.biyg.org/~dbstar
Dragon Swords|dragonswordsmud.com|1234|http://www.dragonswordsmud.com/
Dragonball - RoT|Moocowpenguin.net|1280|
Dragonball Advent Truth|www.advent-truth.com|1280|http://www.advent-truth.com
Dragonball New Universe: Hopes Beginning|dbnu.info|4321|http://dbnu.info
Dragonball Resurrection of Truth|dbrt.yourmud.net|4002|http://: www.dbrt.weebly.com
Dragonball Revolt|dragonballrevolt.genesismuds.com|6969|http://dragonballrevolt.genesismuds.com
DragonBall Series: Revival|frostmud.com|8215|http://dbseries.tripod.com
Dragonball X: Journey to Power|98.192.238.47|5969|http://www.freewebs.com/dbzjtp
DragonBall Xtreme|slayn.net|1236|
Dragonball Z - Online|dbz-o.com|8012|http://morph420.webs.com
Dragonball Z Legends|frostmud.com|8120|http://dbzl.tt.cx
Dragonball Z: Battle of the Clans|frostmud.com|8310|
DragonBall: Dimensions|dune.net|1235|CTYPE HTML PUBLIC 
DragonBall: Infinity|dbinfinity.bounceme.net|4000|http://dbinfinity.bounceme.net
Dragonball: Lost Time|thedragonball.net|1901|http://thedragonball.net
Dragonball: Path Of Destiny|Moocowpenguin.com|1280|
Dragonball: The Dark Prince Returns|frostmud.com|8000|http://None
Dragonball: The Forsaken Future|mcp-server.com|2000|
Dragonfire II|dragonfiremud.com|1999|http://www.dragonfiremud.com/
Dragonfyre|dragonfyre.ca|7676|http://dragonfyre.ca
Dragonheart - The Original|dragonheartmud.com|6666|http://www.dragonheartmud.com
Dragonlance Legends|omen.genesismuds.com|1388|http://dl.genesismuds.com/
DragonMud|dragonmud.org|4201|http://www.dragonmud.org/
Dragons Domain IV|rabuntu.doesntexist.com|8888|http://None as yet. (Coming.)
Dragons of Exile|dragon.tnweb.com|4000|http://dragon.tnweb.com/
DragonStone|dragonstone.org|1234|http://www.dragonstone.org/
Dream Land|mud.kiev.ua|9000|http://dreamland.org.ua
Dreams|mud.dreamsmud.com|3000|http://www.dreamsmud.com/
DreamScapes MMORPG|dreamscapes.dyn.dhs.org|4500|http://www.dreamscapes.dyn.dhs.org/ds2
DreamsMAZE|winds.org|4202|
Dreamverse|dreamverse.montpeculier.com|9600|http://redmine.montpeculier.com
Drums in the Dark|ditd.isunlimited.net|5050|http://ditd.wikidot.com
DUMII|dum.acc.umu.se|2001|http://dum.acc.umu.se/
Dune|dune.servint.com|6789|http://dune.servint.com/
Dune III|dune3.mushpark.com|3333|http://www.dune3.net/
Dungeon Runners|mudmagic.com|9000|http://www.mudmagic.com
Duris: Land of BloodLust|mud.durismud.com|7777|http://www.durismud.com
DustMARE|winds.org|4000|http://dustmare.freewebpage.org/
DynamixMUSH|dynamix.socialmush.com|4200|
Dystopium|dystopium.genesismuds.com|1777|http://www.uncertain-ultradian.com/dystopium
Earth 2246 - Rise of the Dark Ages|openyoureyes.mudhosting.net|4999|
Eaxia Online|game.eaxia.com|347|http://www.eaxia.com/
Eclipse of Fate: A World Reborn|eclipseoffate.com|8002|http://www.eclipseoffate.com
EdenMUSH|eden.isunlimited.net|4510|http://edenmush.wiki-site.com/
Edge of Darkness|eod.ath.cx|2001|http://www.ofdarkness.net/
Edge of Midnight|84.9.191.7|8010|http://eom.greyarchive.info
Elan Vital|mush.thinknuts.net|1790|http://www.evmush.com/index.php/Main_Page
Eldorado|eldoradomud.com|9000|http://www.eldymud.com
Elendor|mush.elendor.net|1892|http://www.elendor.net/
Elephant Mud|elephant.org|23|http://www.elephant.org/
Eltanin Resurrection|celemir.net|3000|
Elusive Dreams|elusive.genesismuds.com|8800|http://elusive.genesismuds.com
Elysium RPG|elysium-rpg.com|7777|http://www.elysium-rpg.com
Empire|wraith.aplus.net|4000|http://empire.aplus.net/
Enchantment Under the Sea|euts.org|2000|http://www.euts.org/
End of the Line|eotl.org|2010|http://www.eotl.org/
END-OF-LINE|linkwarriors.wilkerstaff.com|4000|
Endless Void|swev.mcp-server.com|2012|
Enkidu|enkidu.unixhelper.org|3000|http://enkidu.unixhelper.org/
Ensimud|ensimud.net|4500|
EntropyMud|epmud.hopto.org|9000|http://epmud.hopto.org
Epic Adventures|epic.globalepicadventures.com|2112|http://https://www.globalepicadventures.com/
Epitaph|drakkos.co.uk|6789|http://drakkos.co.uk:6666
Epoch|coldc.com|5190|http://coldc.com/epoch
Erandia|zeno.biyg.org|2500|http://zeno.biyg.org/%7Edenisius/erandiawiki/index.php/Main_Page
Erotic Labs|sc.scworlds.net|6969|http://None
Esoterica MUX|esotericamux.com|1234|http://www.esotericamux.com/
Et in Barcino Ego...|barcino.mushpark.com|7620|http://www.barcino.mushpark.com
The Eternal Battle|eternalbattle.sytes.net|8000|http://eternalbattle.sytes.net
Eternal Bliss|vermaxhosting.com|8052|
The Eternal Fantasy|eternalfantasy.org|3333|http://www.eternalfantasy.org
The Eternal Forest|eternalforest.net|9000|http://www.eternalforest.net
Eternal Night II|en.mudmagic.com|9009|http://en.mudmagic.com
Ethereal Mists|omen.genesismuds.com|3500|http://etherealmists.genesismuds.com
Evening Tide - The Buffyverse in New England|165.166.201.200|3131|http://None Yet - Under Construction
Eventide MUSH|eventide.genesismuds.com|1202|http://eventidemush.wikidot.com
Everwar MUD|mud.everwar.net|4242|http://www.everwar.net
Evolution Rising|fairwindsfore.org|1026|http://www.fairwindsfore.org/wiki/index.php/Main_Page
